{"11_1_10": 100, "3_3_9": 100, "2_0_4": 0.12740419965507732, "7_2_6": 100, "8_1_9": 100, "2_1_9": 100, "2_3_7": 100, "5_0_6": 100, "2_2_8": 100, "0_2_9": 100, "6_0_3": 0.12845707675185536, "4_3_3": 100, "4_1_2": 0.1434976705913443, "4_3_0": 100, "10_1_1": 0.1514542583465229, "12_0_6": 100, "8_1_0": 0.16229855517812902, "5_1_0": 0.13270139692194446, "1_2_7": 100, "1_1_3": 0.14622858355589052, "12_3_12": 100, "3_2_7": 100, "12_0_4": 100, "10_0_12": 100, "2_3_1": 100, "4_0_11": 100, "7_0_4": 100, "2_1_3": 0.1536922289681482, "8_3_3": 100, "3_0_5": 0.12489893340603506, "10_0_5": 100, "9_0_8": 100, "6_2_7": 100, "8_0_7": 100, "11_3_0": 100, "6_3_3": 100, "7_1_3": 100, "2_0_12": 100, "8_2_9": 100, "9_1_7": 100, "9_3_0": 100, "11_1_0": 0.15124858947795644, "3_0_1": 0.12289713963975517, "11_1_3": 100, "9_0_2": 100, "6_1_0": 0.12893811176423858, "4_3_6": 100, "12_0_1": 0.14028514583998705, "10_0_3": 100, "12_3_7": 100, "10_2_5": 100, "3_0_10": 100, "2_0_2": 0.12610409716620866, "6_3_2": 100, "11_3_11": 100, "3_3_12": 100, "4_0_8": 100, "11_2_12": 100, "10_1_12": 100, "1_3_3": 100, "5_1_10": 100, "2_1_10": 100, "4_1_0": 0.14138331741321597, "8_2_2": 100, "3_0_9": 100, "0_0_10": 100, "1_1_5": 0.11142213710688226, "8_1_2": 100, "2_3_11": 100, "9_1_2": 0.15908528236013228, "6_3_4": 100, "10_3_2": 100, "6_2_11": 100, "1_2_8": 100, "12_1_4": 100, "4_0_6": 100, "4_2_8": 100, "2_1_11": 100, "11_0_0": 100, "12_2_0": 0.24765940667651334, "12_1_9": 100, "2_1_12": 100, "8_3_6": 100, "9_0_1": 0.14165242419591484, "12_3_3": 100, "2_2_10": 100, "2_2_6": 0.17363097353068122, "9_0_5": 100, "5_1_12": 100, "0_2_6": 0.1789451189699843, "10_2_8": 100, "2_2_12": 100, "4_3_12": 100, "4_0_12": 100, "9_0_12": 100, "7_0_10": 100, "5_3_9": 100, "2_2_4": 0.1700788679662307, "5_2_1": 100, "7_3_7": 100, "10_1_11": 100, "3_2_11": 100, "12_0_2": 0.13702258845816465, "11_0_8": 100, "9_2_11": 100, "1_0_10": 100, "3_3_6": 100, "6_0_0": 100, "9_0_0": 100, "9_2_10": 100, "11_0_9": 100, "7_0_11": 100, "11_3_10": 100, "7_2_1": 0.2495060156365913, "10_1_0": 0.1550047231081938, "3_2_2": 100, "7_0_3": 0.13170307407796703, "4_3_4": 100, "10_2_0": 0.24731742348485022, "5_3_6": 100, "4_1_4": 0.13841049429245558, "11_2_7": 100, "5_3_8": 100, "0_0_12": 100, "11_0_1": 0.14017637402855668, "6_1_11": 100, "2_1_2": 0.14151663874125686, "9_0_7": 100, "7_2_8": 100, "7_0_6": 100, "0_1_7": 100, "8_0_6": 100, "12_1_11": 100, "8_3_7": 100, "5_2_8": 100, "12_2_6": 100, "3_1_9": 100, "0_2_8": 100, "1_1_8": 100, "8_0_1": 0.13230151172716775, "0_1_9": 100, "3_1_5": 0.13406735561948785, "6_0_11": 100, "7_3_0": 100, "2_2_7": 100, "8_0_10": 100, "5_1_4": 0.135340827553463, "11_3_8": 100, "4_0_5": 0.12389726923423428, "5_2_12": 100, "0_0_3": 100, "9_3_7": 100, "3_3_0": 100, "11_0_12": 100, "5_3_0": 100, "2_1_8": 100, "5_3_5": 100, "12_3_5": 100, "11_2_8": 100, "11_2_1": 0.24774860641917582, "10_2_11": 100, "0_2_0": 100, "2_3_3": 100, "9_1_1": 0.16229927496448887, "6_1_4": 0.13602786233325864, "10_3_1": 100, "7_2_2": 0.24958907272023756, "6_0_4": 0.13126909524008945, "5_0_0": 100, "8_0_12": 100, "12_1_5": 100, "1_1_1": 0.14785057130661616, "4_2_2": 100, "6_3_5": 100, "0_1_4": 100, "5_2_0": 100, "9_3_6": 100, "0_1_10": 100, "3_2_3": 0.15359946961574508, "4_1_8": 100, "1_1_7": 100, "0_3_12": 100, "1_2_0": 100, "12_3_6": 100, "9_1_3": 100, "1_2_12": 100, "11_3_2": 100, "12_0_10": 100, "0_0_2": 100, "4_2_3": 0.1572048677411856, "6_0_5": 100, "7_2_10": 100, "7_1_0": 0.14309491790054063, "5_1_5": 100, "12_1_0": 0.145522583235382, "7_2_0": 0.24130339322075245, "5_3_2": 100, "7_1_11": 100, "1_1_2": 0.14453831451880442, "12_0_12": 100, "11_1_1": 0.14972343616725806, "6_0_1": 0.12558813862726342, "8_1_4": 100, "6_0_8": 100, "10_0_7": 100, "4_0_7": 100, "0_3_2": 100, "0_3_3": 100, "3_0_4": 0.1267833498614407, "6_0_6": 100, "6_0_10": 100, "0_3_1": 100, "12_2_3": 100, "10_2_4": 100, "6_1_7": 100, "6_3_1": 100, "8_0_4": 100, "10_3_12": 100, "3_1_1": 0.1368745558970525, "0_3_9": 100, "9_1_10": 100, "0_1_11": 100, "8_2_10": 100, "0_2_11": 100, "5_0_1": 0.125709764500095, "1_2_2": 0.17791381355240113, "7_3_12": 100, "10_0_6": 100, "11_0_7": 100, "4_0_9": 100, "6_2_3": 0.16087889951550793, "3_0_11": 100, "5_1_9": 100, "3_3_8": 100, "8_2_3": 100, "8_0_2": 0.1254134679283416, "6_0_12": 100, "1_1_4": 0.13365911351108362, "11_1_8": 100, "5_2_6": 100, "10_1_5": 100, "6_1_1": 0.13755937440050145, "0_1_6": 100, "8_3_5": 100, "8_2_12": 100, "4_3_5": 100, "11_2_4": 100, "8_1_11": 100, "0_1_1": 0.16978052529051219, "8_2_8": 100, "0_0_8": 100, "4_0_3": 0.13420682033181097, "6_1_12": 100, "5_1_8": 100, "3_3_5": 100, "3_2_0": 0.1727075595654014, "7_3_10": 100, "5_2_4": 100, "9_0_4": 100, "5_2_3": 0.16498310157539087, "0_0_4": 100, "8_2_5": 100, "6_0_2": 0.13363709451114442, "7_1_8": 100, "5_2_11": 100, "7_3_3": 100, "10_0_10": 100, "11_1_6": 100, "1_2_6": 0.1851178607736209, "2_2_1": 0.16856345526441838, "4_0_4": 0.13125728970522776, "4_3_8": 100, "10_3_5": 100, "1_3_4": 100, "6_3_6": 100, "4_2_12": 100, "4_2_11": 100, "10_3_7": 100, "9_2_1": 0.23189536214200088, "9_3_9": 100, "10_1_7": 100, "6_3_8": 100, "3_0_6": 100, "9_2_2": 0.2013706682318613, "2_2_11": 100, "9_1_6": 100, "6_3_7": 100, "2_1_1": 0.13390040991236682, "7_1_9": 100, "6_2_2": 0.16556757225186516, "1_2_3": 0.18779825246946893, "3_0_12": 100, "5_0_9": 100, "5_0_8": 100, "10_0_8": 100, "11_0_10": 100, "2_2_0": 100, "11_3_5": 100, "5_3_4": 100, "12_3_4": 100, "4_0_0": 100, "3_3_1": 100, "2_3_2": 100, "3_2_6": 0.17384038640236932, "11_0_4": 100, "8_3_4": 100, "0_3_6": 100, "9_1_11": 100, "10_1_3": 100, "6_1_3": 0.13715536592886282, "4_1_5": 0.13304503347968588, "11_1_4": 100, "8_2_7": 100, "5_0_3": 0.13498799710952272, "8_2_4": 100, "4_3_10": 100, "9_2_7": 100, "7_0_2": 0.12991615428504355, "1_3_10": 100, "5_2_5": 100, "2_0_9": 100, "6_1_2": 0.13448229731947203, "6_2_9": 100, "6_1_5": 100, "10_2_10": 100, "7_0_12": 100, "0_2_1": 100, "10_0_0": 100, "12_1_1": 0.15047370509536412, "8_1_10": 100, "8_3_9": 100, "8_0_8": 100, "0_0_7": 100, "11_3_3": 100, "12_2_9": 100, "4_1_6": 100, "2_1_5": 0.12860152908904512, "9_2_5": 100, "3_1_12": 100, "6_3_10": 100, "9_2_9": 100, "5_0_2": 0.1343656632609886, "5_3_7": 100, "2_3_12": 100, "12_1_7": 100, "10_3_10": 100, "4_2_1": 100, "11_0_6": 100, "7_0_7": 100, "0_1_0": 0.17513888281612872, "11_3_4": 100, "8_0_0": 100, "9_3_11": 100, "3_3_4": 100, "2_3_8": 100, "12_0_0": 100, "7_2_5": 100, "9_2_3": 100, "10_1_6": 100, "5_1_6": 100, "8_0_3": 100, "2_3_4": 100, "12_0_5": 100, "12_0_3": 100, "4_3_7": 100, "10_2_9": 100, "9_1_8": 100, "1_1_6": 0.10860128071259637, "11_3_9": 100, "1_3_1": 100, "0_3_10": 100, "4_2_10": 100, "7_1_2": 0.13256505112069986, "5_0_11": 100, "12_2_7": 100, "12_2_12": 100, "1_3_0": 100, "7_3_5": 100, "7_3_9": 100, "7_2_3": 0.22994982912838982, "9_0_9": 100, "5_1_3": 0.13060858218966828, "7_1_6": 100, "12_3_11": 100, "9_2_6": 100, "4_2_9": 100, "2_1_4": 0.12988906462848523, "10_0_2": 100, "1_2_5": 0.1868550011214014, "10_0_11": 100, "12_1_6": 100, "10_1_8": 100, "9_3_5": 100, "1_0_2": 0.14395715543511658, "9_2_12": 100, "11_2_9": 100, "12_1_3": 100, "4_3_1": 100, "8_1_8": 100, "1_1_12": 100, "7_2_7": 100, "0_3_7": 100, "2_3_0": 100, "10_2_3": 100, "1_0_5": 0.14005554704240558, "9_0_11": 100, "4_0_10": 100, "5_1_1": 0.1420775667309343, "10_2_7": 100, "5_1_2": 0.14483003410934275, "9_3_2": 100, "2_2_9": 100, "1_2_1": 0.1760163613431886, "12_2_8": 100, "0_2_10": 100, "11_2_10": 100, "2_0_7": 100, "2_2_2": 100, "4_2_5": 100, "7_3_11": 100, "9_3_12": 100, "3_2_5": 100, "1_0_4": 0.13769730238587177, "0_2_7": 100, "7_2_4": 0.1730137320204128, "3_1_8": 100, "8_3_0": 100, "4_2_0": 0.17977095475508942, "8_3_1": 100, "10_2_1": 0.2483240736130453, "7_1_7": 100, "8_3_8": 100, "3_3_3": 100, "11_3_7": 100, "10_3_3": 100, "3_0_0": 100, "12_2_1": 0.24144549757370645, "0_1_2": 100, "6_3_9": 100, "1_0_3": 0.13521436398536776, "8_2_1": 0.24025702306945856, "1_0_7": 100, "0_0_1": 0.2013595575552831, "8_3_10": 100, "0_1_3": 100, "11_1_9": 100, "8_2_6": 100,